close,sma5,sma20
11.5713,11.540196933888001,11.835809599999997
11.1948,11.465171701760005,11.7740456
11.2184,11.419911002112002,11.721409600000001
11.1397,11.408670679296003,11.6665256
10.7528,11.411566631936003,11.6380696
10.7561,11.266903893248003,11.600967599999997
10.7487,11.102556436224003,11.566711599999998
11.2474,11.143282621952004,11.547669599999999
11.1792,11.122656184320002,11.528685600000001
11.1209,11.071771972864001,11.516699600000003
11.0306,11.066705116672003,11.507891600000002
11.036,11.050001158144001,11.516383600000001
11.3574,11.059552087552001,11.5329536
11.2954,11.107164588544004,11.556673600000002
11.1482,11.114378459648004,11.551745599999999
10.9293,11.144297148672003,11.551021599999999
10.9838,11.103044069888,11.551745599999999
11.2289,11.120390362368003,11.5671436
11.6724,11.218672429056,11.5902696
11.9949,11.374642718976,11.6201576
12.113,11.565451752960005,11.632153600000002
11.7587,11.595779903232001,11.6282956
11.6799,11.592847073024004,11.628837599999997
11.717,11.588297397760003,11.640003599999998
11.6891,11.615772784384001,11.653097599999999
11.5479,11.635094992640001,11.651673599999997
11.3459,11.636781556480003,11.6295796
11.6528,11.683270462464002,11.609621599999999
12.1685,11.796167483648002,11.559753599999997
11.6384,11.717060645888003,11.506527599999997
11.8937,11.741812159744002,11.489411599999997
11.9187,11.782169205504003,11.451063599999996
11.9232,11.806630689792001,11.449737599999994
11.937,11.81375300864,11.429021599999997
12.5558,11.935050425856,11.423265599999995
12.6986,12.128951761408002,11.421345599999997
12.4312,12.258617491456006,11.420749599999997
13.189,12.373545175552003,11.447011599999996
14.4303,12.819161926400005,11.516785599999999
13.7685,13.012384984320004,11.616409999999998
13.2476,13.060031967232005,11.675483999999999
13.3313,13.116137778432005,11.721253999999998
12.8779,13.151544152832004,11.760303999999998
13.1009,13.160581613824005,11.804700000000002
12.8231,13.057195470592005,11.84293
13.0983,13.167126570752004,11.879988
13.2748,13.355265722368005,11.900598
13.0734,13.210067285504003,11.919202
13.2248,13.143099813888004,11.94988
13.1727,13.160253874944004,11.977764
13.1997,13.107288782080005,12.010332
13.4524,13.206241579008005,12.055484000000003
13.277,13.183107578368004,12.096656000000003
13.0357,13.190562781440004,12.134576000000003
12.8543,13.146999654144004,12.176606000000001
12.6671,13.023988272896005,12.214826000000002
12.2191,12.883331182336004,12.244234000000004
12.0537,12.710412202240004,12.260360000000002
11.7555,12.523053640448005,12.271886000000002
11.7857,12.409499732224006,12.285182000000002
11.9335,12.290757996288004,12.303240000000002
11.963,12.192819659264005,12.32178
11.9382,12.117548631552005,12.333396000000004
11.9834,12.065593346560002,12.347156000000002
11.9516,11.982665135104003,12.363224000000002
12.005,11.964932495872,12.384738000000002
12.5885,12.049622270208,12.416832000000001
12.0226,12.048271191552002,12.432706000000001
12.099,12.078254333440002,12.441238
12.1754,12.101642889728002,12.444848000000002
12.0715,12.092285712128005,12.444018000000003
12.036,12.087095211008002,12.449564
11.969,12.059208045056005,12.455346000000002
11.414,11.937333662720004,12.449286000000003
11.532,11.934582974464004,12.446144000000004
11.4997,11.771652567296002,12.445180000000002
11.0851,11.644596288256004,12.439964000000002
10.4446,11.414851265024001,12.415800000000004
11.1828,11.354495790080003,12.396086000000004
10.9982,11.278471902720003,12.383282000000003
10.7661,11.167004934400005,12.360730000000006
10.7526,11.009633108480003,12.337408000000005
10.801,10.983744178688003,12.314964000000007
11.0907,11.000800110336002,12.298038000000004
11.0025,10.945493418240002,12.266972000000004
10.8735,10.845128279808003,12.230470000000004
10.8088,10.936942150655998,12.198022000000003
10.8337,10.891517127936,12.150916000000004
10.6555,10.813161767680002,12.075420000000003
10.5245,10.753617474816002,12.01054
10.2899,10.667370117888003,11.951386
9.87796,10.548370970112003,11.882319200000001
10.1015,10.447158772480003,11.8267912
9.96648,10.333708931072003,11.764102799999998
10.2175,10.301783257856004,11.711990799999999
10.0591,10.256588627712004,11.6512068
9.99118,10.179589303040004,11.585534400000002
9.47616,10.021320920064003,11.513589600000003
9.66276,9.918121257062403,11.4423488
9.57928,9.7950633547776,11.370480399999998
9.62082,9.790217714739203,11.2989028
9.90572,9.795196094156802,11.2279692
9.84362,9.838572209408003,11.159301599999997
9.23167,9.695931679411201,11.083220999999996
9.40205,9.628039275443202,11.014175999999997
9.32811,9.498928606080002,10.947396199999998
8.99847,9.4238819129088,10.882983599999998
8.72482,9.272865034393602,10.816405999999997
8.17412,9.058691431936001,10.744778399999998
8.58754,9.002699776256003,10.680815199999994
8.4525,8.884324900096,10.611195199999996
7.75996,8.577317381427202,10.527134399999996
7.92134,8.468989921638402,10.446797199999997
7.44368,8.254003878502402,10.356002799999994
6.82166,7.923291570944001,10.253403999999994
7.86893,7.875690575488003,10.170682599999994
8.38148,7.902934757580802,10.086542199999993
8.23051,8.023938099174403,10.010700399999992
8.44601,8.090227717350402,9.937640599999995
8.12516,8.004263028531202,9.856635799999994
8.19362,8.063794479769602,9.779078199999994
8.52221,8.091367143859202,9.708802399999994
8.42285,8.074177603916802,9.637879399999994
8.26523,8.252950283136002,9.574903999999993
7.82847,8.236847522995202,9.500833399999994
7.85821,8.140857168000004,9.428003599999993
7.87659,8.116927654784003,9.363833399999995
7.86532,8.0235423657984,9.312247799999996
7.64382,7.956786438297602,9.241468199999996
7.66004,7.941539753881602,9.174704999999996
7.9144,7.922775929651203,9.117670999999998
7.585,7.8340653454336024,9.054318999999996
7.16615,7.641861341465602,8.981621999999996
7.26577,7.570634708403201,8.905123399999995
7.17508,7.493990688563201,8.828574999999995
7.27409,7.448497917056002,8.756586799999997
7.17082,7.363233106892801,8.683827199999996
7.52011,7.396785497062402,8.617555399999997
8.28416,7.6084000189440015,8.570128599999995
8.15998,7.6745046955520015,8.522838199999997
7.9691,7.6772066610688015,8.476422199999996
8.17257,7.789650098918401,8.442314399999997
8.37851,7.895249873382403,8.407854599999997
9.72525,8.274538795955202,8.40303
11.2516,8.856090371993602,8.423712
10.2544,9.182633207808001,8.427618
10.2547,9.499595621324803,8.432888400000001
9.86719,9.556447339596803,8.440709
10.2898,9.677498391756803,8.453249800000002
10.3256,9.8344279945216,8.468176200000002
10.5496,10.005103194521602,8.4867518
9.71776,10.128390938624003,8.482992600000001
9.86133,10.279841980032003,8.483346800000001
9.7695,10.043931665664005,8.494103400000002
9.64666,9.964517597849603,8.498995600000002
9.90426,9.900455366502404,8.510518600000001
9.6365,9.904386047232004,8.523279200000001
10.3023,9.988773832448002,8.554828800000001
10.2278,10.066643837030403,8.5959024
10.3972,10.021107394764805,8.6320956
10.6006,10.156275555020803,8.6750576
10.9092,10.2945352300544,8.738042400000001
10.7032,10.359780878336004,8.7936796
10.8208,10.4865591894016,8.861222
10.6325,10.479809212672,8.9374388
10.5705,10.587309533440003,8.9914702
10.5891,10.577668406016002,9.0356226
10.5373,10.592331207936,9.0817584
10.565,10.614164852224,9.124138199999999
10.484,10.629551472640001,9.171315
10.5712,10.590232326144001,9.218866599999998
10.7275,10.633469865728003,9.262972399999999
10.7321,10.627922694400002,9.309157399999998
10.8214,10.658296656384003,9.3602808
11.1145,10.752033774848002,9.4260014
11.4335,10.881374541568002,9.4975072
11.353,10.97941746432,9.567035399999998
11.3894,11.050542335488,9.637516999999999
11.5153,11.155197654272003,9.7149466
11.4312,11.231376354304,9.790369799999999
11.0322,11.192158484992005,9.8527258
11.2789,11.221492431104,9.9266038
11.3495,11.286433160960003,10.010270799999999
11.3992,11.351801984000002,10.0929394
11.2695,11.324537060096002,10.1748278
13.0252,11.669555173376,10.28985
12.9197,11.936482150656003,10.404827599999999
12.9037,12.118638009600003,10.5124994
12.6765,12.176657534208005,10.600346199999999
12.8102,12.336477540864003,10.693350599999999
12.7585,12.430357804288002,10.789138600000001
12.4301,12.436976864512003,10.8742892
12.6684,12.465853452288004,10.960087000000001
12.5997,12.728268826880003,11.017576000000002
13.1194,12.792335091200004,11.054932
13.0692,12.845560589312004,11.111228
13.5487,12.955694203648005,11.177108000000002
14.52,13.286500273152003,11.270164200000002
15.3965,13.701561161984003,11.3722982
15.8172,14.080611827712003,11.482130199999999
17.349701,14.766413746752002,11.618132219999998
19.030199,15.609950039488004,11.804381
19.459,16.449512984832005,11.996334399999999
18.6189,16.876652657920005,12.173322399999996
19.302299,17.426139326912004,12.366435179999998
19.6057,17.992417140736006,12.560463979999998
18.888599,18.289295351180805,12.745505959999997
16.6513,18.018161679114243,12.872485959999997
17.7547,18.17115814566912,13.023023959999996
19.3323,18.628939140003844,13.201725959999997
21.4725,19.255204007987203,13.419163959999997
23.4377,19.97894689309696,13.669733959999997
28.592899,21.793461575575044,14.027527939999995
28.6546,23.206411053352966,14.384203939999995
35.055901,25.48006137571584,14.872671959999993
46.345798,29.352923511936005,15.588177919999994
46.827999,32.99603445062401,16.312955899999995
34.160198,33.440609048192,16.785413859999995
44.740101,35.987760220019204,17.468915879999994
43.390202,37.732013255080965,18.127039919999998
43.1451,39.50654970123264,18.778517919999995
42.342098,40.08194072902145,19.410809879999995
43.678398,41.66040025968128,20.069735839999996
53.107498,45.46512413243905,20.915457799999995
51.25,46.68681922861057,21.718167799999996
50.521599,45.75353171391233,22.49992978
49.666901,47.956216114250246,23.266207799999997
50.774899,48.33877231459073,24.053917779999995
53.126099,49.26334061810434,24.886133759999996
52.205799,49.74405519046402,25.70162574
50.0373,49.98205930229761,26.48172774
50.699501,51.39110002092289,27.270139760000003
48.748699,50.61331065541377,28.01812374
44.3564,49.26416419703809,28.67726774
44.641899,48.22499553394434,29.34471572
45.304001,47.789509601344015,29.990291739999996
43.2421,47.195600403148816,30.596739739999997
42.162601,46.06547994744065,31.181917759999997
44.307098,45.422752549002254,31.814529719999996
43.266998,45.080480752901124,32.42366568
43.4352,44.48959239010305,33.03719968
43.4072,43.683589519605775,33.65674168
46.2873,44.242650642810894,34.32911968
50.219398,45.526865940392966,35.08151364
47.5741,45.659569084733455,35.77060764
49.101501,46.20306756462848,36.49125366
48.718498,46.99398316674561,37.19464961999999
48.3046,47.11650667450368,37.87034162
50.7075,47.857281029888,38.57656161999999
48.305302,47.94312712752641,39.22632365999999
49.672199,48.67550198043393,39.87277362
48.2244,49.113038844180494,40.456657639999996
48.553001,48.64598538790146,41.038537659999996
48.4893,48.8196526022861,41.63594566
50.031502,49.01061668935169,42.250529719999996
49.891201,49.13118110229762,42.85623973999999
52.720299,50.17151646044929,43.53287373999999
62.167702,52.24833601059329,44.44320178
70.159203,56.013971218224654,45.49129184
68.3769,58.292236682199054,46.47218384000001
79.021202,62.48213382539778,47.623157880000015
76.296997,65.2365566568269,48.680343820000004
77.263802,67.84899657401859,49.653761880000005
79.718201,70.20400657775873,50.67503390000001
96.9814,75.93920036805633,51.913543880000006
94.398499,80.89906906060546,52.8745979
97.813499,85.3545561560141,53.894307899999994
94.007301,86.84588846554371,55.09124996
91.420403,89.18944540302083,56.024856
91.162903,89.2185003167104,56.98031002
89.524902,89.40954302388738,57.90790606
89.8797,89.83299827649537,58.8586581
88.655403,91.91450656898817,59.75819820000001
90.835403,91.3520147513216,60.5127563
90.786499,91.6972651421773,61.303486279999994
92.414902,91.3299332658637,62.14135234
89.438004,90.60433984056321,62.9367744
89.860397,90.42099020749058,63.71848435999999
96.906303,91.49820399331074,64.59408844
129.526993,99.15158197610754,66.14051231999998
126.521004,104.46114401914883,67.67018639999999
157.936996,115.44890906235906,69.81493629999999
174.261002,127.20476386611715,72.32518236
181.951996,138.37277084382208,75.07709428
190.046005,148.30786518900996,77.9851764
174.445999,153.59218457999106,80.56801636000002
160.403,155.9000331590144,82.91123436
157.757996,160.64990062480388,85.22314226
170.511002,162.21866388587011,87.74722034
194.908997,172.97331357780226,90.78006032000002
231.910995,186.9518208594202,94.54957622000002
230.669006,196.7275256282778,98.29481234
222.238998,202.91617960101377,101.81384629999998
223.774994,204.9941451187047,105.28495822000001
224.376007,206.9856980748775,108.82099636000001
245.332001,214.2999522324711,112.74560636
248.464005,222.84444227646725,116.74051650000001
264.466003,234.44339787782917,121.06374456000002
258.071014,244.13524520528387,125.21101484
261.665985,247.47469622244614,129.4782285
281.737,253.19570045717512,134.11952452000003
337.667999,270.2963180590772,139.9083965
340.609009,284.4395228466202,145.74951665999998
401.48999,310.66228217995774,152.80953046000002
397.536987,328.4575936049332,159.75964016
359.053009,336.7244284989671,165.94287631999998
361.933014,340.9078247050087,172.12713062
370.22699,347.2541666038528,178.28831637999997
379.414001,356.3800195150362,184.47341233999995
371.458008,366.9025488225793,190.53503449999997
370.056,367.92797473828864,196.35573046
359.005005,374.3146877388622,202.00989061999994
336.872009,366.2955889096525,207.20205475999998
336.371002,355.14543943616,212.33511078
341.739014,352.8507020766567,217.23026306
323.696014,348.13296307613183,221.81621336
303.247986,340.3890274044365,225.92490310000002
272.691986,325.7817838191054,229.49859679999997
293.088013,319.05485532688647,233.531949
327.927002,319.3460452204698,238.26723098
302.882996,313.0827949394228,242.53439286000005
294.915985,309.38218893028613,246.63511856000008
274.601013,303.14643611874567,250.35403076000006
287.987,297.6928584286926,254.29706270000003
282.89801,291.9894008827137,258.13929292
273.303009,284.150965609403,261.75705505999997
268.773987,283.813078291689,265.34377472
270.549011,285.8362747827482,268.957547
245.990997,274.5058696408602,271.93924088
251.697006,268.87478279731715,274.38264114000003
242.136993,260.8005954516301,276.69496092
215.356995,253.50851212348167,277.8433609
197.404007,241.60457842317066,278.306221
230.774002,238.15064390415876,279.28266112
209.733002,231.859240480425,279.67640106000005
199.662003,225.65803267276547,280.18072114
170.654999,211.3613050949402,280.38576112
157.363007,201.32749303987973,280.37786134
193.423996,198.4636704073933,280.83612122
234.391006,202.05478703851014,281.6257614
199.703003,199.17482097063686,280.98160156
227.264999,209.27170148878082,280.91352141999994
218.304993,208.2542845761767,280.83484131999995
229.475998,211.1469206564711,280.94886139999994
225.951004,210.21448315221,280.98036134
224.710999,211.3297653549338,280.5679413
206.710007,215.24583769696005,279.73286134
203.953003,218.48576976272133,278.52260134000005
204.317993,210.99646945865987,277.44754092000005
193.123001,211.12108424919305,276.07668124
205.789001,208.85207595116805,274.55772126
197.977997,208.17660707151109,271.76392122000004
203.871002,206.84236937131524,269.02916108000005
226.768997,210.66126424324358,265.53474122
219.951996,210.1033583466087,261.9830414
225.341995,212.78104686432007,259.30882112
223.072998,214.8884252199988,256.5316208
256.506989,221.70957158478086,254.25722077999998
261.566986,231.3810562106727,251.90028048000005
269.179993,237.89246835825926,249.85472018000002
296.769012,250.45872282880006,248.38898042
296.027008,262.64569672769545,247.12942047999996
295.891998,268.37999459616265,246.30982025999998
308.864014,277.20023189663243,245.7596805
310.601013,283.5758484951271,245.13692047999993
298.063995,290.96091210609416,244.62428009999994
300.096985,293.46726798590214,244.56126007999995
289.817993,293.75921349150985,244.90378021999993
302.266998,299.1637058411367,245.08735991999998
301.457001,299.5227747818625,244.5579598999999
295.589996,298.71809829003274,244.4120999
297.470001,300.20955334712585,244.4631802199999
301.428009,300.68638053701886,244.9997201399999
321.591003,303.18461495776006,245.67180019999995
314.785004,305.77755606505474,246.30954007999992
317.519012,306.74622429967366,247.1938601399999
325.610992,312.19005500669954,248.33060023999994
331.915009,316.02632984833286,249.55792019999998
333.881989,318.8100055974016,251.31574003999995
347.893005,324.87893547765,253.23966001999997
347.747009,329.9837850232858,255.35186033999994
370.666992,340.82665766298624,258.45806028
378.484985,347.4448374078388,262.0796798399999
383.041992,354.93122066836486,265.12503963999995
387.740997,362.5792631053133,268.68519954
348.984009,360.70632312326404,271.67163966
347.484009,358.3258638852327,275.20821985999993
295.17099,347.57541584267784,277.96437951999997
312.988007,340.63833882272513,280.35565973999996
334.338013,342.45454170223877,282.35459987999997
329.428009,340.898548419771,284.9491
296.497009,332.6298716618369,286.3337402
294.404999,325.6155869044301,287.85574032000005
288.747009,313.03999645006087,289.0411605400001
294.532013,309.1370731680487,290.41278072000006
291.463989,298.58112177943815,291.74784052000007
277.112,296.6786569650279,293.15588038000004
213.908005,282.99007587012875,293.35498042
250.464005,275.8258521147521,294.27790066
246.522003,265.5451582910337,295.34588069999995
251.748993,262.50514040367364,296.26508054
293.497009,267.9441115600922,298.17546078
282.803986,271.6925365414247,299.75412046
283.742004,273.6906468224103,300.89358059999995
258.579987,268.7422235020673,301.66614042000003
264.309998,259.3726817922304,302.44550048
286.167999,269.6382084985524,303.7074005
282.483002,271.6780806466305,304.22692076000004
292.332001,276.5104194393831,304.84222106000004
287.437988,284.29925700753415,305.20738096
306.46701,287.29761435351554,305.40134092000005
299.154999,289.79498992759557,305.46390074000004
291.46701,286.7522051884391,305.37540098
301.464996,290.4638324085863,305.22742062000003
302.337006,295.7721983597108,305.06214048
297.475006,295.61816796274184,305.0503607
292.463013,296.30904723904774,304.89768126
292.65799,294.9219724855757,304.95448120000003
295.863007,297.66421148736265,304.82640138
308.588013,298.8675702863591,304.96902162
311.123993,300.2869904126183,305.27970156
308.608002,303.2930996955904,305.50246158000004
297.391998,302.2299185574657,305.42174136000006
299.869995,301.1053672524365,304.9873212
303.455994,300.9027942887373,304.76074100000005
304.135986,301.5756020009421,304.49308048
338.756989,309.4420495006951,304.75600041999996
339.627991,317.18715919466246,304.91026006
336.595001,321.40910102958344,304.9645203
333.384003,323.46639082797833,304.67434025999995
317.082001,320.6841262882637,304.0610401
314.319,319.74369215794184,302.9340802599999
308.088013,317.8938609647438,301.52614081999997
304.006012,315.2075581530932,299.9454212199999
300.187012,316.8502012862158,298.19434151999997
295.446014,312.68626773849616,297.12358162
286.950012,307.1319355639502,295.9129016799999
298.328003,304.9401761949876,295.9760419399999
297.924988,301.34912088569865,295.67478155999993
296.527008,300.0138545918772,294.9185614599999
297.423004,298.6593755551643,294.27846135999994
296.298004,297.6392243442176,294.2744812599999
305.088013,298.6164045721421,294.4881415399999
307.751007,299.80699907770116,294.86822149999995
305.878998,299.8810847766375,295.09516119999995
291.694,299.7707959225345,295.09976141999994
287.428986,297.2483421803777,295.30610113999995
305.710999,298.75323984491274,297.14216102
300.468994,299.21664922334725,298.14226080000003
296.263,298.4749244346778,299.13708074000004
298.891998,299.7381141848218,300.07994084000006
294.658997,299.0797117522151,300.10318060000003
309.070007,300.82651400699655,300.6285010200001
320.884003,302.93413360235263,301.3713410000001
299.252991,301.62546459291394,302.1848010800001
314.681,306.6903419224577,303.1922211200001
307.90799,306.2303015367015,303.6270209400001
316.716003,307.7629228706996,304.31168096000005
337.631012,314.0893988350362,305.21766118000005
333.356995,317.37477429118724,306.1360413200001
330.924011,322.0188346533351,306.6251813400001
332.394012,325.6795178243892,307.2899616000001
347.612,327.16274897453064,308.41286140000005
354.385986,334.678108695168,309.47128119999996
366.730011,340.17943114221316,310.75914129999995
360.401001,345.405936606825,312.0176612
380.652008,355.26231587453964,313.7814411
410.165985,365.6694008484583,316.13160099999993
474.911011,387.1911732940263,319.71256108
466.276001,403.2054390295988,322.86632084
471.329987,418.8728723977703,326.07044071999997
480.355011,432.0784891286401,329.5053808999999
472.902008,441.8999798927873,333.0155810999999
427.52301,438.1751205715407,335.56864139999993
447.114014,442.68094340648463,338.44180179999995
466.540009,451.41405546237195,341.68988225999993
463.449005,462.5109756589185,344.1837225799999
465.852997,462.0204085036775,346.70822269999996
470.20401,464.3354633212059,349.38040288000013
463.281006,465.33589007339015,351.9783429400002
428.588013,456.98598952927506,354.20846318
434.40799,446.37972361294345,356.61024298000007
456.031006,450.9394401364737,359.56910284
473.502014,458.0592678222183,362.95902287999996
441.721008,454.37674832365576,365.7897028
515.135986,466.85125420329484,370.1835022400001
651.43103,504.3511924419943,377.47312260000007
702.767029,543.1051698857806,385.56190312000007
695.815979,568.9909170106447,393.51972294
684.447998,592.863477298468,401.2781427399999
696.208984,616.4347707188019,409.2538623399999
719.974976,639.4877307746715,417.7274017799999
794.64502,666.2536142008629,427.5185419199999
826.822998,708.2210825090203,437.89998173999993
819.085999,748.6872769505563,448.1641217599999
821.062988,770.0526203108353,458.7515015199999
674.859985,750.0811391104539,466.5001215
719.387024,742.416531506596,474.77364200000005
694.14801,734.3413600252367,482.6472223200001
765.833984,743.8297022700956,492.03864200000004
773.835999,759.8530052714166,501.53752202000004
762.84198,764.7696553159273,510.90118168000004
737.02301,758.1818838254235,519.46024174
753.59198,757.5292500321999,528.11440128
717.257019,729.8517689363226,536.4744818400001
756.732971,741.2043273582055,545.3155212600001
772.640991,744.1041369705242,554.6101812800001
884.44397,781.7936321361665,565.96474062
962.719971,819.0529121816553,578.4665198000001
980.921997,849.9511368935555,591.4178198400001
997.719971,876.0395402221442,604.75373904
1041.680054,911.3914924864157,618.9394598800001
1153.170044,954.870406876744,635.0506207600001
1148.530029,998.9007038894722,650.9335016200001
1299.73999,1061.2036994129564,669.5937012
1255.819946,1115.132890555377,687.5020801000002
1154.930054,1133.5983502554473,702.9876410200002
1273.199951,1163.9617049790747,720.2483203400001
1396.420044,1212.7079586885432,738.6785010000001
1366.77002,1249.4205934137858,756.6883813800002
1291.920044,1272.8844166835715,773.1001825200001
1053.689941,1228.4227492756713,784.5668811199998
1014.25,1205.8832568369257,795.39384096
1036.280029,1166.0677627502007,807.56898134
1039.099976,1127.1329933177549,819.4087005799998
1155.150024,1148.610316320338,833.1809008800001
1049.579956,1145.3425651826792,844.9035199000001
1003.26001,1112.946495289718,855.6516601599999
986.229004,1077.5568033121997,865.9721600400001
1058.780029,1041.826745283894,877.8821405
1056.030029,1039.3738627536413,890.43098082
1055.170044,1045.489919443067,902.8462218999999
1107.069946,1058.184411633874,915.8670007000001
1246.01001,1111.3255050839502,931.3171606199999
1182.359985,1111.3630263953946,946.1299401599999
1071.130005,1097.099464203113,957.24982054
1118.310059,1099.0557202316163,966.58740112
1036.790039,1096.3402177248643,973.2678613200001
915.784973,1059.8600700278914,977.6672412000001
964.018982,1040.576427189499,983.2586608800002
834.682007,1006.3634300814622,986.0281213400003
697.950989,963.3291615834245,985.5876416000002
793.122009,920.7447693240963,985.5571813800001
757.067993,873.0803788581916,984.1620812800002
817.807007,868.3581041413506,984.1365014400003
883.86499,860.518049442166,985.3925414800002
860.414978,844.2564101187229,989.1036413400003
814.659973,844.81098179529,991.0091003200002
868.70697,832.2308645053392,994.5002795200002
845.257996,816.4845642211843,996.0887597600002
923.560974,850.67348425279,999.0832592600003
936.976013,863.0949018894364,1002.5659399200003
944.210022,887.4701783715893,1006.7096801600003
974.11499,913.6652930917941,1011.1201403600004
923.921021,912.5690313412225,1015.2534204000004
943.86499,912.6870902572495,1018.9960607800004
895.370972,916.4779317483625,1021.4506604000002
849.971008,900.0292789844789,1020.7612011600002
812.844971,893.1020651903771,1017.7637011600002
864.189026,889.1199934079132,1015.4290417400002
840.515015,880.3699299786422,1012.28494262
844.809998,877.2717204437865,1008.3475415
869.315002,868.9434562765467,1002.6704406600002
878.265015,873.4846022277198,997.26514038
855.198975,863.318719864625,988.3743200799998
872.200012,859.0014982723382,980.7019214
856.853027,853.5888316820867,974.7403808599998
857.224976,861.2073429540765,966.42088136
866.677979,859.1239981941942,955.8260400599997
853.684021,858.6124656154141,945.5643200799999
816.950989,853.5691762538423,936.0649389799999
752.830994,834.6227902135042,930.0477600399997
704.596008,805.5215622880464,923.8546801999997
728.916016,792.4822935902212,917.7073999399998
686.890015,769.3040004138268,910.6632007199998
723.338989,760.1609202807733,902.0269800199999
699.830994,749.363695610056,895.03200078
690.827026,735.9123421675572,888.7833410999999
614.291016,706.6578528364547,881.3445813400001
611.304016,678.9810454208924,872.39506108
601.666016,657.0440493056822,863.3077808200002
552.778992,639.4552140632477,853.2599597800003
538.643982,613.6523332794524,841.8914405000003
556.726013,607.159167701773,828.1057605600005
557.174988,594.007142082683,815.6020606200003
561.731995,586.3436205382018,805.4141004200003
539.702026,566.7428122581762,793.8419397600004
539.619019,560.917145253005,783.8985193600003
526.439026,552.7279309399399,776.1116004200002
524.286987,540.4782368619905,767.3169605200002
489.950989,528.4756183621352,760.42234016
450.115997,515.2306232081537,755.4656403199999
446.278992,501.5005573709518,748.5287799800001
385.967987,479.0056744227815,741.10677986
394.644989,459.1767249511348,732.6435395000001
396.457001,446.6216391499597,722.89537972
379.606995,431.44972160445195,713.2792200600001
386.424988,422.15593309841415,704.71452036
416.893005,416.4948478385588,695.67824106
380.542999,403.957915949709,686.3839411199998
383.231995,399.2977376663425,675.5773615399999
370.285004,385.40038486857736,664.2435413599998
385.313995,386.5477143891534,653.0656208199999
400.507996,389.5829748450715,641.5934809399998
398.526001,389.1100105539508,631.0855805399998
414.243011,395.05170617314064,620.4931409599999
430.540009,406.23871475691783,611.1965217
492.94101,418.70035858742796,604.0559217399999
492.734985,433.8681948036635,597.6537220199999
501.477997,445.6524395264744,590.39950144
531.702026,464.879513847332,584.2232416599999
511.147003,476.17231597131536,577.5499817599998
502.894012,481.250636311245,570.2215619599998
524.789001,492.06781062214924,563.1520416799999
567.888977,509.4193899425,557.4058417199999
615.718018,539.0544361331458,552.2762018399999
605.39502,552.2949006991054,547.2470417
621.859985,567.3813847658012,542.5397418799998
642.547974,586.471303116027,538.0571417799999
708.15802,608.0497980067739,535.1466217599999
615.416016,608.4153439041947,531.1159223
662.809021,622.2327750015207,529.3154828399998
647.031982,632.9773972567912,528.16420232
683.677979,649.5370188208718,527.2594415799999
688.880981,656.020281918989,527.2992609
669.924011,661.0109179290909,526.2309613399999
673.612976,666.3080244237416,525.70660098
687.148987,679.2822482470888,525.6330402
779.54303,686.8867835306241,528.9380804799999
785.624023,712.995212878692,532.4244806199999
816.119995,731.5026109738063,536.7135602
792.310974,748.5828260366799,541.50419984
753.724976,750.3095911365633,545.80581972
752.856995,748.2747104660865,549.72843936
752.275024,749.5698976738407,553.6304400800001
727.276978,746.9280863816756,556.94133974
679.585999,745.860587437535,559.7390192
686.047974,734.7142418144718,562.6675983
733.495972,738.5636879265692,566.80873722
730.549011,733.765159836731,570.9339777000001
708.870972,723.6073972852123,575.31237736
707.049988,720.1794169904027,580.45105718
672.656982,710.5968191669403,584.9786169800001
694.367004,703.9956751949928,591.1465973200001
696.530029,696.1015711085186,597.18429812
715.369019,700.8223722897076,603.5625384800001
699.221985,706.8706573214745,609.95483828
647.741028,694.649197047255,615.18115908
583.585022,669.5267848957287,618.51499942
601.755005,655.7280205813788,622.93923954
586.734009,637.3130671406925,627.00927982
587.280029,630.220329340224,631.3491803200001
572.66803,619.0001857732866,635.09626102
516.036011,600.935877254244,637.4068213200001
565.388,591.6590835859765,640.7440613
559.590027,578.3356151849755,643.65100162
577.64502,569.5866227851061,646.59310184
580.04303,574.1166380641436,648.3351422400001
591.807983,575.6388230958977,650.3166022
618.328979,584.2501398405607,652.65362184
592.984985,584.0359195651305,653.87928102
609.302979,581.4883105298715,655.84240054
607.124023,593.2393648597582,657.92700076
605.187012,594.8507035247412,659.53496098
601.077026,598.5192681593089,660.1987219600001
597.562012,598.6496723813685,659.83560184
526.479004,585.7946039667816,658.25728152
533.283997,578.8520704008424,656.4857617600001
496.842987,559.0486404275484,653.57166202
477.493988,544.9278740222363,648.9583813799999
519.742004,539.598245494057,647.04490114
491.003998,529.6194147797147,643.60880068
499.641998,523.07229844074,640.6610009999999
500.447998,518.0756611596238,636.9964013799998
518.890991,508.6981272945332,633.5966015799999
537.95697,515.4632465351425,630.9572607599998
536.268005,514.7331686598887,628.2103613399998
527.367004,514.6629570430567,625.0147216799999
465.816986,510.5641955544731,618.7402007999998
474.519989,499.4982043710081,612.5181201199998
457.671997,492.29233563127053,605.3491601599999
460.309998,486.00404759378443,598.70914064
432.772003,477.83301529300746,592.29008118
442.36499,473.2984026178817,586.08024108
422.36499,462.8850310493339,579.4820403999998
436.009003,456.3151533083214,573.6566808999999
455.179993,447.82701767233806,569.1685607799999
453.917999,450.21331122730766,564.52596128
475.346985,452.978746774244,559.3629815400001
464.195007,455.57606532007696,554.03590146
467.317993,454.2283637334862,549.20484188
474.411987,459.5526373066625,544.55208186
474.011993,459.76015388533,540.5791820800001
491.660004,467.97139233392653,536.5250420800002
489.118988,474.77399818845197,532.37682126
476.682007,474.98621798333204,527.60308102
434.424011,469.74992640092944,522.30712154
446.518005,463.6067489708776,518.28266108
430.074005,457.31936026219796,515.2124407399999
434.027008,453.61302956688394,511.8578807999999
436.085999,450.0539371676136,508.8449205999998
449.850006,452.38182687422994,506.0963201399999
480.65799,457.6960101050523,504.25611933999994
501.002014,464.6879475510427,503.95543939999993
480.513,462.1811858278811,502.25793939999994
469.618988,465.29197465943054,500.4585186199999
450.697998,460.16610300831246,497.9195781799998
462.436005,461.15064648808715,495.56743767999984
459.657013,461.1282728844622,492.92441827999994
450.852997,460.92059145528594,489.57489863999996
479.372986,468.74604798096914,487.30265865999985
472.493011,472.22596926443276,484.56645929999985
464.036987,467.8381839035061,481.7047185799999
469.665985,466.7415745833601,478.9942980399999
466.89801,464.23332937737746,476.3107177199999
466.665009,466.29511393269,473.6927776599998
457.080994,464.07929995378197,472.3048174599999
433.867004,456.8551857382299,470.3164775999999
420.747009,453.4614385167489,468.79455803999986
412.621002,444.3699366002023,467.49709831999985
418.261993,438.0133995509685,465.46749809999994
407.252014,432.61663376325134,463.79245841999995
410.515991,427.8249938949403,462.00993828
406.65799,423.5603202511105,460.13413812
380.214996,413.60491068247046,457.36061821999994
356.613007,399.0908009503617,453.73373896
365.588013,390.629307440018,450.32013912
334.175995,378.24799075476227,446.45631894000013
322.112,367.77791359949833,443.58221922000007
319.570007,356.6585979128909,440.4832195800001
286.494995,343.06396090749706,437.05967954000016
278.932007,329.71975799715585,433.4321197200001
282.364014,316.6994906215271,430.42395994000003
288.04599,307.80098515736074,427.33757994000007
315.729004,310.5911938399949,425.20486022000006
295.812012,303.41930778414087,422.40092039999996
300.834015,301.28304722780933,419.31400083999995
274.315002,295.54825765719556,415.7219408999999
281.944,288.38815316154376,411.85388119999993
271.341003,283.9636360629837,407.99680111999993
277.104004,283.0523458324071,404.1925213399999
282.96701,283.79790057519625,400.3636218
279.645996,286.68307090342915,396.4763018599999
275.196991,281.71264150790915,392.14704159999997
285.602997,283.16475443899657,388.07672178000007
296.498993,282.2722804775348,384.4730615000001
289.312012,284.70417356050444,381.57082152000015
284.105011,283.16123088107275,378.32256164000006
283.003998,283.9032812055399,375.3811615000001
295.341003,286.97774490900224,372.6074414000001
294.371002,288.0106573734657,369.7731414600001
289.259003,287.6631911558119,366.5613214
285.722992,288.6718218075239,362.66262143999995
232.330994,278.8660920734362,357.28920103999997
230.214996,268.17125259774986,352.28324095999994
217.203003,257.27873083428614,347.2349212599999
197.951004,245.26541000407042,342.1799813799999
196.923996,237.25297198468098,336.8697411999999
197.078995,229.08798525736708,331.6181808399999
185.065994,219.5974661145754,326.30244078
183.330994,211.86957632905734,320.38160094
211.354004,204.60030919830535,315.15882080000006
211.748993,205.74604151463177,310.11306091999995
223.074005,207.46519407449347,305.18122131999996
220.589005,207.50599669435655,300.25504122
197.875,205.4419546750874,294.87924104
209.975006,206.36936855369225,289.93712128000004
209.968994,205.4769359422721,285.45916108000006
224.591003,209.06688159573767,281.53604096000004
246.584,220.3314900105114,278.21530092000006
240.479996,224.41420573457413,274.65966098000007
244.330002,229.91738236787205,271.40122074000004
228.729996,229.34637404021765,267.7655008400001
218.505005,224.12947808729348,264.0024411400001
215.847,224.09701778394117,260.7150812200001
228.494003,224.97560791017222,258.1527011400001
222.401993,226.42341775491334,255.28898074000006
231.634995,230.41758329318145,253.23816074
232.848007,230.0844024859623,251.45288088000004
230.768005,230.73786204687624,249.67684084000004
227.181,227.93269227539463,248.49056094000002
220.488998,225.07157835947527,247.32170076000006
222.218002,224.1441116954676,246.1187805200001
227.600998,226.53294096504328,244.90988068000001
225.119995,225.43269603088135,243.09770050000003
226.119003,226.80918997576455,241.70384032
229.255005,227.46116069528838,240.27226012
227.981995,227.28615441355527,239.34559998
225.768997,226.50128326941956,238.22209991999998
189.498993,218.2026399113242,236.58525971999995
196.727005,214.1395759176423,234.97771974
199.841003,212.00235482706694,233.31519959999997
195.714996,208.41188847583237,231.6365796
209.703995,208.80439436467978,230.32671968
210.119995,209.48842155518727,228.81705963999997
207.082993,208.8364753342285,227.02873963999994
203.352005,207.44255770375426,225.30953949999994
203.727005,201.83136963157256,223.70197937999993
205.429993,203.52122165385478,222.15049927999996
205.141998,204.26333065964036,220.34651917999992
204.044006,203.66568244246022,218.53997925999994
204.335999,205.67731741674245,216.84151917999995
203.852005,205.36808950824198,215.20409944
202.718994,204.43065089822215,214.61185944000002
203.328995,203.70955498602245,214.07413942000002
204.210007,203.85997703681795,213.8142795
205.365997,204.38975220962564,213.96257936
197.246994,202.92254653312517,213.96903932
197.556,201.701867234898,213.97857942000002
197.380997,200.87688382497032,214.22487947999997
198.871994,200.41094528493062,214.53569947999998
200.634995,200.30368506572552,214.3213193
200.186005,200.36202200087817,214.09005953999997
207.485992,201.90506342968328,213.77829928
209.091003,203.49740569513736,213.54833924
218.451996,205.3986096198247,213.9598791599999
217.182999,207.79696157911815,214.10403901999996
212.231003,208.66028135824135,214.14927919999994
210.074005,209.14314431638792,213.85893923999996
212.533005,210.05774244179207,213.17791933999993
211.339996,210.25393073573895,212.5951193399999
210.417999,211.2665320581607,211.91687927999996
206.826004,210.59384737636356,211.47879943999996
181.397003,206.01088971337478,210.73663939999997
180.806,200.79958987652103,210.0358194
175.177002,195.01042664903173,208.96947938000002
174.001007,190.51903534836487,208.00145966000002
177.067001,188.1586698718439,206.91009978000002
149.175003,180.20181354001159,205.2366397
130.339005,170.10550348944645,203.22805970000002
136.701004,162.9424941836698,201.41845978
126.706001,152.28217280740614,199.54279984000001
123.295998,146.4056147660237,197.56435976
113.494003,139.0677810903424,195.28221986
116.449997,134.38638489523458,193.10881990000001
108.334999,129.58761846492934,190.75313982
110.010002,121.9284945710029,188.36823976000002
122.438004,119.50227160062977,186.25735994
117.542648,119.96423993182212,184.09283296
113.171417,117.2641687514445,182.56628143999998
118.635559,117.08076394602243,181.00445252
116.388901,115.62678985805059,179.33541047999998
108.925018,114.6831822851021,177.59961091999998
110.214188,112.70020683379713,175.60981477999994
102.475555,110.88009156409089,173.45692597999997
91.761055,108.72434244329219,171.15048722
93.294563,104.98134299456257,168.94933838
92.159637,101.83030510226689,166.71799101999997
95.142059,101.2260406065229,164.51223233999994
91.685654,99.0164219528653,162.24310545999995
88.945305,96.00041314397443,159.94113143999996
90.5933,95.0920199835853,157.66627745999995
86.539314,92.3428170477824,155.32002363999996
84.308296,89.29783699156994,152.95180967999994
84.440811,88.53225575288579,150.57404599999995
85.2621,87.7258974131405,148.19508785999997
95.133827,89.60777723528962,145.99044445999994
101.112457,91.44480236208386,144.06775371999996
101.268578,93.04175407296002,142.14200527999992
116.216873,97.89796800302338,140.51872279999995
109.496231,99.6735038121549,138.73120753999999
116.759499,102.79126068263682,137.05369761999998
130.765259,108.4038462083354,135.66528269999998
140.238007,114.88090991027973,134.32032299999997
129.844345,119.19855769760002,132.73538983999998
131.865631,122.53441049323267,131.00366254
116.575912,121.36366500049922,128.99152080000002
137.647018,126.62666179277315,127.4998411
138.018341,128.00296833427714,126.05872781999999
139.859451,131.34912419623686,124.60525674
133.368256,133.63277184310277,123.04582194000001
140.819412,136.34151058895876,121.6538502
155.047684,138.68773157192706,120.61828379999999
149.13501,141.0484796720999,119.97304393999998
154.58194,141.70302039174146,119.44856274
155.638596,147.31825148716035,119.05779461999998
157.746201,149.45367951914244,118.73269850000001
151.699219,150.14989701651203,118.22534286
150.359634,149.3206109683047,118.24903548
150.803116,150.6171892039373,118.65831770000001
128.625183,148.12847430435588,118.49680128
127.548325,143.21885877280005,118.51364775999998
125.96653,140.49946758741507,118.5670584
116.897804,135.92095683752964,118.63513442
129.068726,134.83338862464515,118.88750900000001
122.032715,131.46164171441922,119.16146332
123.547066,129.69893051637249,119.4322046
123.74192,128.5670515595469,119.45828292000002
121.010262,124.0790218686413,119.5276352
124.51902,124.02248806077444,119.75458726000001
119.474831,122.90065171755778,119.77137269999999
117.157852,120.53490797447171,119.78675172000003
118.747551,121.81099007808258,119.98320238000004
117.452606,119.99495585186307,120.12797074000004
117.362885,119.67179443210499,120.42571734
116.378342,119.03925680685572,120.91806308
116.488739,118.16251631505153,121.3819466
113.405289,117.68200837890306,121.80685964000004
106.589973,114.78658171593986,122.03581792000004
105.598213,112.6379283155482,122.31406910000004
108.907539,112.10521624042242,122.71331378000001
107.061012,110.92257081655299,123.04266802000004
107.609787,110.24797190446851,123.46407748000006
110.43026,110.15228639899652,123.98651676000003
107.492668,109.63517995371522,124.44755390000002
107.821602,108.85861070957058,124.89874394000002
107.44352,107.66085633853443,125.14493780000002
104.919289,106.97943109690627,125.22107444000001
104.535301,106.93477529445634,125.28640890000003
119.267746,109.15353277693443,125.34742636000004
119.430885,111.28265855523075,125.54611944000006
124.806488,114.36598192212995,125.70705922000003
121.298393,115.35818721367298,125.51772190000003
122.572289,116.84515634508034,125.16440754000003
122.553604,117.93610056902659,125.01859272000002
121.390205,118.28812490545411,124.80908420000002
122.100388,118.99903952742402,124.91957371999999
123.260216,121.82863011772417,124.63183767999998
133.598877,124.20457564010754,124.54344839999997
146.098373,129.30483633337604,124.66822683999997
145.346191,132.04225872619267,124.90778553999996
149.554337,135.71565380778245,125.08248403999997
146.130844,137.79618398797828,124.90414723999997
149.092453,139.89928901984518,124.90329609999995
158.795425,143.77383536460033,124.98756579999997
135.852661,142.3452699707111,124.59184709999995
139.822861,143.22841976655107,124.23338029999995
138.089676,143.87832496750596,123.96118943999994
136.125961,142.2268960149223,123.67651597999995
136.746246,141.6955738071501,123.39537857999996
136.443619,140.18568939343618,123.55174729999997
134.206955,139.3874429459533,123.68491989999997
132.24942,139.26214921345027,123.81057769999995
127.774124,133.88521851264005,124.02810409999996
137.822388,135.20552363381762,124.20317733999995
138.789352,135.68966515415042,124.53831007999993
138.0345,135.89506675758082,124.82805875999996
135.127075,135.82472164947717,125.05576185999996
137.965332,136.21222581121026,125.39486325999997
136.758682,136.0213170885888,125.63965649999994
133.83403,135.32112377069058,125.92684047999995
134.442886,134.544812155305,126.27254115999995
133.263077,135.6371202886682,126.56285167999994
133.711594,135.38179874207233,126.88803143999993
137.691788,135.74248207324163,127.29460949999995
142.398178,136.6833932807629,127.81500621999996
140.000549,137.72776883063042,128.28524241999995
139.374603,137.89518184301315,128.80462869999997
140.519196,138.02744452777986,129.48321316
140.686356,138.64094609122307,130.18497602
136.636063,138.0816181895245,130.7395465
137.181442,137.96178188432899,131.3419551
138.239868,138.5516117031424,131.95455672
136.986923,138.87035493539585,132.48568998000002
135.031021,137.7806838313498,133.03645704000002
135.460358,137.23260561510918,133.58923216000002
140.988159,138.13734096403203,134.26012494000003
139.416473,138.41560320663814,134.95006862000002
142.497421,138.68834564111617,135.70931102000003
142.092682,139.4424124431719,136.16580974000007
141.514099,139.99880928751364,136.60747402000007
141.830322,140.19694439880192,136.94795070000006
163.961746,144.6873879964109,137.80121776000007
161.458801,148.09929523381507,138.57894800000003
158.052536,150.8318722781082,139.28892664000003
165.514847,153.55751909843713,140.17141948000005
165.947205,156.44897411939587,141.04835582000004
174.531647,160.0111855465037,142.07378444000003
180.25882,163.98305634148352,143.0069833
176.114578,166.45180340578816,143.60730740000002
177.337479,171.59936797131522,144.24713316
165.497025,170.0429597858432,144.56598692
164.736328,168.52445227940868,144.93809660000002
164.513351,168.72380645157637,145.24651456
167.838516,168.60477846970372,145.42737638
161.574173,168.35084167715078,145.94180662
167.623444,168.97405028964357,146.49781828
166.95076,168.01316148619267,147.07503996
173.814026,169.3374693827431,147.82880125999998
173.708435,168.62246367182595,148.56804504
173.751266,169.54612511442437,149.31419797999996
170.046524,169.61627742520326,150.03098935999998
171.874664,170.51425083168772,150.82349423999997
171.4478,169.86017478047748,151.69696775999998
165.826096,169.86527843405827,152.25704191999998
154.459396,166.69381582910466,152.5704428
156.347092,165.54564303246337,152.93669463999998
158.434937,164.10932964185346,153.40285187999996
157.295074,162.75222719299074,153.78944671999994
155.201996,160.74493890032642,154.15831299999994
162.166031,161.27452611752707,154.72495301999993
160.818344,161.12599697777668,155.25246217999995
162.122787,160.57082264385284,155.82965638
167.952408,160.52152706622468,156.51447265999997
164.026581,161.47590012125443,157.04116851999999
163.450699,162.1510857093197,157.46221893999999
172.653214,164.0985215453645,158.11527223999997
169.79866,164.9576210626048,158.72375338
170.948166,167.09042700549637,159.33233278
170.289307,167.54931951720198,159.9243918
173.142746,168.84308418952708,160.65452546
194.304337,174.71777323734273,161.79698336
187.325317,176.71236640941316,162.77869234
196.846283,180.66185615389443,163.97587954
217.148575,189.19434057830148,165.61823061999996
247.153061,200.40295291030787,167.85208467999996
264.01001,213.2786484118887,170.3125217
243.764587,219.28740557145863,172.39948397999996
234.59523,222.7319525567335,174.24144016
261.292206,233.2842639102721,176.62543064000002
251.86441,236.06358492015113,178.83243686000003
255.215881,241.17192656100616,181.10014804000002
244.698914,244.6022515542375,182.71489139999997
245.965668,248.90206878411783,184.40502874
249.484985,251.28115342308615,186.23367772
251.759872,248.65960246100997,187.95857822000002
267.069641,251.11091990504713,189.98102694000002
272.86264,259.0444713872282,191.9476468
271.768707,260.32394115061516,193.77784453999996
269.455688,262.60011734357,195.64466673999996
255.858948,259.84032005866504,197.21509611999997
268.113556,261.664988090747,199.26742673999996
265.391266,262.88259840444937,201.28052549999995
270.225525,264.65651388815627,203.39476897999992
252.607925,264.3016385219098,205.09015715999993
241.338791,260.4865921816141,206.68544951999996
247.05101,257.65265054344707,208.27400083999999
249.474335,255.7065392797569,209.92447234
250.930359,252.9263796727988,211.46679899999998
245.738098,253.13350898152967,212.90739225999997
233.0867,248.75876760646662,214.09410093999998
247.520126,249.15988254471688,215.64357298
245.78183,246.11967779096068,217.12171629999997
260.90329,247.56388267076102,218.91082609999998
256.168793,250.05154579262728,220.71768004
264.087463,253.18398240980747,222.91024137999997
269.019318,256.54647376103946,225.1636859
269.223206,258.38492673422854,227.37945127999998
274.351105,259.88012049179906,229.72057189999998
265.051849,262.8516878384154,231.91756895999998
269.431793,263.93439873102085,234.0628842
271.695007,267.5160883900596,236.28041746000002
294.910278,272.35947288148486,238.93616728
309.38031,280.82646620136967,241.76472532000003
307.827789,286.8886731340212,244.64074948000004
310.424683,291.62324049134344,247.58022916000002
318.126312,297.61210974626823,250.48969112000003
336.753174,304.19219758460423,253.82878140000005
294.267639,302.79515200013066,256.29517086000004
311.226105,304.7851060411623,259.11390682
320.058899,310.95576556145414,262.05222987999997
290.695984,308.8459440682906,263.98006282
293.641113,305.59660201334026,266.10637873999997
291.596436,303.145118023209,268.00138179999993
303.099976,304.16978476484616,269.72040981999993
284.523224,302.7405277092864,270.4678130799999
287.997528,294.0896157868647,270.94756343999995
287.547119,295.05724320637705,271.82321407999996
305.700562,298.37142450767374,273.24532072
313.251404,297.40639666738184,274.28450467999994
308.881012,300.0966082569524,275.42483672
290.002319,297.80331850412813,276.12056548
268.704041,293.5274420060596,276.60066802
276.276703,287.58396475778824,277.20688872
269.458801,284.4252451954919,277.60636503999996
227.578064,272.99535608374276,277.12272887999995
229.776001,266.78799894183175,276.37685608
199.188675,254.2815910111924,274.90337678
211.48497,245.13568272424456,273.69770203999997
226.566162,238.88792329732613,272.83991151999993
221.33342,232.51841615438858,272.14940096
229.119217,232.8549618120628,271.36951418
225.630768,230.49503973348357,270.57430422
217.560013,222.28689701968136,269.52099398
212.728516,220.67022292617224,268.7234058
217.046371,215.84009113962244,268.23755739999996
219.617996,218.24605288941575,267.68889712
219.629608,220.5469272373044,267.09200258
207.40831,217.21687704739335,266.2215616
211.186554,217.05580442192388,265.53053072
211.268051,215.43004203851524,265.09415773999996
210.522598,213.36531483146757,264.35420717999995
218.654144,213.7746081149953,263.81165345999995
217.808441,215.16090737992965,262.9497564799999
217.871567,216.04819696871172,262.18381195999996
222.490341,217.33818431122694,261.35186952
222.669724,216.7641773982106,260.4248776399999
234.215027,220.76145464407813,259.72471405999994
226.020645,221.82423105744135,258.7581048599999
226.391006,222.6375330379623,257.984888
220.941864,223.38979685961735,257.01508942
210.488907,220.69611055247108,255.79096742
206.733536,217.9120682702746,254.02743258000007
216.092865,218.16814896864517,252.16168368000007
211.288071,216.81620975361795,250.2308893200001
208.709045,216.74436114062598,248.19657656000007
186.607742,209.6172059780967,245.56620516000007
188.50206,205.44388579443716,242.60118288000004
185.440079,200.71175297676038,240.4246316800001
185.687683,196.3039668419866,237.91386324000007
194.49353,195.4378421101722,235.4025558600001
203.091934,198.2248483621223,233.65047486000006
196.565414,197.24807295550983,231.7089608800001
186.891632,194.83063375423492,229.61486480000008
191.332916,191.16470352888837,227.3795236000001
194.706207,192.1272552811802,225.58318326000006
191.289566,191.548745291945,223.64902402000004
186.842392,190.64070747987972,221.63492947999998
188.929382,191.48034316135943,219.29950588
187.516663,191.84166537839366,216.78481105999998
173.889969,187.37535141656838,214.0849902
169.516739,182.50523589204738,211.67527859999998
168.834869,180.36726156152065,209.67789516000002
172.469788,179.2405223031194,207.60175686
171.629425,177.25972905008388,205.64516933999997
178.347351,176.88036384976644,204.66055507999997
179.499329,177.6842679359719,203.65502163999997
175.992889,177.15638021429507,203.19110592
174.217133,174.73958686260482,202.44574917999998
169.956177,173.19593989546243,201.31354948
178.262619,174.1177566741786,200.45213346
181.35553,176.05318190898691,199.49685972
181.14946,176.9596459146343,198.60723356
179.78717,178.42681549629955,197.85177669999996
178.725494,178.64116706690564,197.17171625999998
181.016098,178.6455268433562,196.45111079999998
181.109726,178.90002873888258,195.6809454
188.105515,180.16923015767813,195.05046354
189.789124,183.20808069914628,194.69807982000006
197.113174,186.40422284664322,194.41661222000005
208.608749,190.81746983010564,194.36342618000003
211.393036,194.7497395954074,194.38083494000003
221.280853,199.9134665357338,194.43336912000004
218.050049,203.84822269321478,194.43820128
215.516205,206.194385692009,194.39109404
211.54538,208.20354345875458,194.17219482000002
201.92131,207.17306694182406,193.75722654
168.110733,200.34361750421766,192.43514066
170.8927,195.99634396192775,191.33258175999998
166.727127,190.51620124478214,190.13930418
174.710999,188.6822811284455,189.21468688000002
174.572891,185.42677193026307,188.49636656
170.503479,182.10202655942405,187.77176542
179.872208,181.12310773775366,187.04735228000004
177.340424,179.07485018069,186.36839934000002
180.71051,174.8640033172429,185.80842864000005
175.199341,175.30446014390532,185.58026062000005
176.985001,175.08147457124613,185.34991944
176.351517,176.40706021747974,185.1681482
173.059143,175.71894023200517,184.9155774
181.18634,176.2662329526682,184.6494336
182.021561,178.67474808276225,184.22802614
193.293259,181.2586399699431,184.16258304
191.659668,183.79117086203908,184.25794376000002
182.569687,182.80717750782725,184.08267918
180.826645,182.6507382344423,183.80508793999996
182.07515,182.4505958043495,183.62079961999999
186.960907,182.91076308547332,183.62316992000004
181.406067,183.7006377847271,183.47270362
176.013504,182.27531249277956,183.24264044
178.028351,182.93878189048579,183.32540808000005
173.621338,180.85603623988737,183.4075000600001
172.913025,178.04739739452674,183.48906318000004
175.534378,177.31084637857282,183.55035498000004
174.92099,177.00044660735492,183.61618628000008
172.300858,176.71628408998401,183.4952564200001
162.402786,173.1080264677837,183.15332556000004
162.168549,170.1963534202701,182.87683876000003
181.523209,172.7321527228237,183.02296028000004
179.83548,173.5613189061325,183.22054634000003
184.242218,175.60243056333314,183.34013832
182.662811,177.36633869461252,183.36628394
190.342575,179.87925841194755,183.55014624
184.692169,180.49017236545797,183.64824621999998
183.966919,179.85702495694596,183.75307471999997
183.969894,180.64816000760322,183.81215063999997
183.92572,183.9014104974951,183.86847051999993
182.425018,183.37960884613636,183.75486057999996
186.355194,184.56618823916037,183.68618197999993
189.304169,185.301799972201,183.5300018799999
191.593842,187.590968853417,183.18970373999994
187.976547,186.90969982713602,182.72137396
184.211472,186.27271285447682,181.97998633999998
185.028717,186.02431298132225,181.31955969999999
189.47728,186.70897745114115,180.79878119999998
185.489639,186.26368894806785,180.27766637999997
186.843414,186.90713325181446,179.97610846
188.258743,187.57325992588034,180.37906865999997
185.999634,187.56584944862726,180.68120734000001
180.521179,185.67141024249602,180.95708838000002
183.348358,184.70145998174718,181.12983555999995
185.119232,184.89470315251714,181.34076237999994
180.559601,184.62475874073857,181.54188481999998
177.455551,182.65570507749123,181.49355168000002
175.698349,181.44593446671618,181.46071017999998
161.462723,177.63925441612548,181.07575444000005
150.268173,171.86182565561606,180.57713108000007
153.417786,167.43771194144261,180.10578678000005
142.834702,162.89656749518338,179.43545048000004
146.476532,159.850243081001,178.90379826000003
148.965073,157.06122575146242,178.25937292000003
153.010559,155.83447386257154,177.67915288000003
151.717575,154.77524642998017,176.84763920000006
155.304153,152.97035436560643,176.12052890000004
152.539688,151.38171402550276,175.51992892000007
151.18573,151.76525112134146,174.92711062
149.059158,149.80359500736,174.26679078000004
147.956421,149.92295835425028,173.48670106000006
146.747742,149.62192140245506,172.79353456000004
149.248993,150.09031166153986,172.25824434000003
149.194443,149.73759655441154,171.68156618
148.768158,150.02509119398405,171.18450258000004
151.264725,149.90197774375176,170.75153658000002
148.225174,149.38489182843392,170.2053525
146.267044,148.47589860047876,169.63227358
143.608002,147.35431242566148,169.05841646000002
145.604004,146.84202459126786,168.72244082000006
144.944748,146.79828149939203,168.3779648
142.869232,146.00515002245126,167.60488526
143.11499,145.36990301378052,166.87047545999997
133.614029,143.3538117615642,165.85791168
122.603889,138.79586557989123,164.65673324
133.092194,137.39231550418435,163.51172562
129.321136,135.4211890274509,162.40430495999996
129.066055,134.4180610754842,161.30628768
128.130951,133.07215521789698,160.18950882
132.372513,132.65365573236994,159.15844468
128.61409,131.8787276662938,158.08222612
129.063889,130.04056253379844,156.93640002
126.454636,127.84562125127684,155.67940936000002
126.361221,128.9564576686925,154.37475694000003
127.214607,128.10194469803778,153.15951814000002
128.322708,128.11186096615427,152.04174286
134.75798,129.31557723859973,151.03632812
132.633484,130.5484514056909,149.8994522
129.610855,129.8564851286298,148.78187652000003
130.802002,130.10595950274052,147.66104828000002
127.410179,129.21659539275527,146.44407700000002
134.171707,130.19507976514308,145.40751846000003
135.069366,131.28447654214148,144.49848220000004
136.276779,132.43166383232773,143.55705062000004
144.304153,135.6698892527642,142.74074904
143.543991,136.95956457594627,142.00043684000005
141.258133,137.41358786379013,141.27648848
138.979202,137.8865837350861,140.54210554000002
143.963776,138.64677941123074,140.1921266
142.927109,140.41036225495301,140.04530532
145.873932,141.62355795546114,139.89442824000002
144.226593,142.30622119398657,139.92226606
165.955353,148.11346345527556,140.31184248000002
166.230682,151.63487994766854,140.65715466
164.391006,153.87930249084417,140.8847636
170.779953,156.9535596515866,141.26601116000003
175.365677,161.30500131859716,141.66724164000001
166.969849,162.29883176544516,141.95584486000004
167.120514,163.65868410023427,142.27454054
169.697159,164.64527698236165,142.68730056
168.294159,168.29143818534658,143.09405532
162.928558,167.2558161811098,143.41767164
163.051178,166.1679714119117,143.69371534
161.283936,166.04867428018179,143.9355052
168.077103,167.06984548066052,144.32168410000003
170.930893,166.71518602568963,144.71500746
176.370316,168.6664339345408,145.2779103
175.050339,170.28904638539524,145.85357620000002
184.690475,172.98102463593222,146.67522566
180.160172,173.69669533317125,147.36634902000003
183.67395,175.70860404434433,148.14093305999998
188.617538,178.05319562940932,149.05589918
189.865067,181.32733334419206,149.99090071999998
189.250595,183.29501488534277,151.10363204
204.23024,188.21212690496517,152.73615906
212.339081,192.86035341001985,154.3210968
222.726059,200.1273716795469,156.18919526
223.146515,204.12315336782595,158.07080446
228.578568,209.48584759411716,160.07975679999998
223.522705,212.9567362248218,161.90276064000003
235.851196,217.70306868785158,164.04750276
265.406128,227.16120751452166,166.77434753999998
268.099243,237.3593485297639,169.60723968000002
284.217499,247.81932883954437,172.76436524000002
264.728577,252.59529505958147,175.51464464
259.894714,254.11161149670917,178.14608476
266.363434,257.2910538094029,180.77819384000003
281.94458,261.54317260258307,183.76441576000002
259.763977,262.84203553375494,186.36747820000005
257.949463,265.8303168512384,188.91042742000005
265.600616,266.14584045753355,191.67423616000008
262.331726,267.54637326566916,194.23743654000006
273.75415,266.1721697805262,197.01113222000004
265.216431,265.3322319150976,199.58992526000006
247.817596,262.6975216335463,201.66019412000006
225.680267,257.3853367225933,203.30291964000008
226.753387,248.28191663774464,205.01282472000005
226.760498,243.73409296369155,206.76845064000005
219.848511,239.98389694319368,208.28614534000005
218.970596,235.34249376567303,209.80701508
230.569778,235.92104241007107,211.500932
224.47963,232.48684668157446,213.10599273999998
224.517975,228.55784024171268,214.27724518
229.268188,225.72868779100165,215.5379953
243.525299,229.4320417610727,217.12068115999998
237.853088,231.117205431122,218.46214385999997
200.689056,224.10386435379206,218.96861143999996
201.986328,219.5625253263565,219.66894101999998
200.767242,217.36028451578375,220.34187557999994
194.86853,212.04452778488326,220.84530299999994
112.347122,192.11019320668677,219.72636225999995
133.201813,180.96607996172548,219.1318273599999
123.306023,171.34762561564418,218.3369242599999
125.214302,161.35964961935875,217.61553157999992
110.605873,146.2208223571277,216.46610697999998
113.942749,139.93932458614017,215.3263441
114.84227,134.75629071575554,214.09578317999993
136.593857,134.33209224983813,213.32665353999994
132.737167,122.93727130674948,212.28758737999993
132.81871,127.71262828956164,211.34075813999988
123.321152,125.50614258108419,210.1337021799999
134.911606,127.64336013663747,209.05958353999992
138.761444,127.90626675928068,208.0375110799999
136.195892,130.01205972276227,206.9764170199999
138.361557,131.8026908431181,205.65904335999988
133.937943,135.1491898620288,204.0910205999999
130.986496,133.79901492022276,202.25622933999992
125.583733,132.1669030523725,200.3049736999999
132.904541,131.0396899855898,198.39149315999992
133.593567,133.10610979084038,196.59291039999994
135.634552,134.12851474220034,194.58857751999997
142.029144,135.36429803325444,192.12103783999996
142.091309,137.00037086251268,189.60087915999998
145.219391,138.05044746938117,186.82091699999998
143.546646,138.7535506648525,184.39727838
169.13588,144.10486995709957,182.5821017
165.101944,149.28686698256385,180.55687190000003
172.641739,154.05032089030402,178.37081508000006
170.807144,157.67562188182535,176.59167842000005
158.412445,158.68125411518724,174.60093806
158.216019,158.59655073721092,172.45324612000002
161.142426,159.52556984880644,170.42946012000002
156.279556,158.65185504562177,168.07996824000003
157.59639,161.8752908852378,165.92756742000006
153.286896,159.61618618337286,164.03695342000003
172.157379,163.13639890118407,162.96649566000002
NaN,NaN,NaN
186.914001,NaN,NaN
181.61496,NaN,NaN
172.297165,NaN,NaN
172.737701,NaN,NaN
182.599579,NaN,NaN
185.028671,NaN,NaN
189.236938,NaN,NaN
195.515305,NaN,NaN
197.317535,188.20409807705857,NaN
197.224716,189.29699641804805,NaN
198.41539,189.87006185956866,NaN
216.968231,195.34882342867712,NaN
207.602051,199.12310780191495,NaN
214.219101,202.46833365087494,NaN
215.325378,205.60456655625734,NaN
210.933151,207.51295159929603,NaN
208.174011,207.88705469537027,NaN
206.774399,207.65206560100097,NaN
204.055786,207.0926192398695,NaN
212.289413,210.62209815886084,NaN
212.991577,209.83888652744963,NaN
211.600128,211.07926023902215,NaN
188.599564,206.7318029766964,NaN
185.912842,201.97849605255686,NaN
189.3125,199.0749713400116,NaN
199.193283,198.91078092928774,NaN
202.949097,199.35355808325895,NaN
195.622665,199.71247817574664,NaN
200.677124,199.99965019736072,NaN
207.158691,201.24470123448074,NaN
214.525055,200.81368854478598,NaN
213.451111,202.98056731322117,NaN
210.096741,204.86009642331396,NaN
199.883606,205.19097458377223,NaN
207.169189,206.09071428888834,NaN
208.694397,205.6281137737242,NaN
202.370346,205.6549582222285,NaN
205.319748,206.4578573744026,NaN
201.902313,206.53544513922304,NaN
208.863434,206.85690058769924,NaN
219.840424,209.0033893498881,NaN
220.675125,209.96695270445318,NaN
242.345596,217.42053576097797,NaN
230.975708,220.33628016126983,NaN
246.99176,224.81857637203973,NaN
237.219055,227.69453413303046,NaN
244.179321,230.53281114513672,NaN
244.426392,234.24583316106245,NaN
241.221985,237.1143701869287,NaN
241.93132,238.1897918213223,207.82687157999993
245.167252,242.49384523936772,208.99193659999995
246.309906,241.73101685651974,210.28583551999998
244.911453,244.51674219618565,211.73812127999997
247.444946,243.79071269543428,213.23226617999998
231.702667,242.30729464514306,214.21432793999998
237.49321,241.37763902438917,215.26361871999998
238.908844,240.45379179238404,216.25705683999996
234.1147,239.2811787659981,217.02904474
229.928909,237.84504425380103,217.68127221999998
234.416168,237.31263342681095,218.42510125999996
233.028275,236.26806455707398,219.11735896000002
232.101166,235.77472452002314,219.42001766
227.13829,231.9345446950964,219.81074244000004
229.274261,232.17968148142344,220.11184563999998
228.989822,231.73171276429832,220.38513451999998
242.533188,233.24854869605386,221.01713526
244.142151,234.86546179894026,221.73649806
235.772461,235.64913134707976,222.3164593
232.944489,234.92192303249672,222.89423336
229.668045,233.74671296240905,223.241806
222.959793,230.9232230288615,223.44117031999997
225.347168,230.09469719778312,223.71611112000002
228.19487,229.67655500189187,224.50801724000002
226.315002,230.82200421550598,225.31606043999997
231.113419,231.09623853070087,226.15207881999996
229.392197,229.63206944869637,226.75605709999994
225.38707,228.40350558226947,227.20481655999993
229.074112,228.09786999621636,227.8738454999999
227.664597,227.11084905468164,228.41359495999993
241.510223,230.31115189212932,229.10062559999992
239.075531,232.44623980616456,229.59163511999995
246.670013,235.03868283303177,230.25601315999995
243.015961,237.27817109416196,230.9143975599999
240.984985,237.788515369106,231.7364251399999
239.458176,237.5848884489933,232.3822048799999
242.131699,238.98911695947527,233.05095091999993
239.604584,238.92302846669827,233.79563567999998
240.211487,241.03904863781636,234.49347046
238.423523,240.18916468163332,235.22389466
233.640884,239.8988226646836,235.71944366000002
232.773087,237.983236974313,235.97809692
235.48381,237.2107585951079,236.27427062000004
238.487518,237.26118564101637,236.19710906000003
236.153168,237.39841629562886,236.30065826000006
245.016724,238.5828942028084,236.26115754000003
262.190643,243.3859011040231,236.76058930000002
274.689056,249.4065556173927,237.37078400000001
279.215424,254.72641435349,238.06656464
304.056763,264.47601034108675,239.32326020000005
309.643616,273.87335855516676,240.67750612000003
321.514099,283.8046575074689,242.20444306000005
316.657257,290.0618662526183,243.61139008
318.190887,296.8773167504154,245.07697875999997
334.586639,306.72422558936836,246.81981261999996
345.554657,316.1678204679604,249.09685242
385.199707,330.5817166034202,252.05098235999998
370.671722,341.93386576379396,254.68623991999996
386.295166,351.55598052736514,257.72984923999996
389.875488,360.81311128041483,260.92878081999993
401.590576,368.31672992583685,264.27226898
394.961945,373.8516132748622,267.51094237999996
379.512848,377.18446080218115,270.45917602
393.987366,382.01714429836807,273.79615753999997
391.120453,389.15887457614093,277.03308138
395.887573,388.55470112179466,280.3710363999999
380.384064,389.01751685465103,283.12805391999996
391.02417,389.89939016806926,286.0656943
428.741791,399.24024282913547,289.9250809
437.397827,405.98207987073806,294.01414766
433.354919,409.3831049975988,298.08788514
433.786621,416.20654511793424,302.3044216999999
429.53125,418.48669554511366,306.38810333999993
423.669312,420.1630508515944,310.29759218
406.463776,415.34235012726793,313.90056766
416.439789,416.98992875481355,317.60709505999995
389.126343,416.47958500003597,320.80177798
395.835144,413.51249028543504,324.21073946
391.384491,408.544260502075,327.45694704000005
408.144196,408.5221896632731,331.06653902
384.001038,403.04681310320143,333.9163553199999
386.466125,398.94389948252433,336.86416719999994
382.632629,393.3723574350773,339.58341951999995
395.874664,395.21177654742036,342.64059358
399.921478,392.48776817196557,345.81932344
428.395721,400.56979876539657,349.59807434000004
435.079742,406.8744308785409,353.4570352
477.05191,423.15937622988304,358.20598172000007
440.040497,423.29516057040144,362.2025619200001
385.671936,416.1013740327835,365.14753018000005
388.24115,410.0148061028097,368.23953550000004
335.260071,396.84117493404426,370.2892751800001
353.362274,388.688548927954,372.6468444600001
352.673492,385.3072857443432,374.9305639400001
337.602112,376.66336510799886,376.95954282000014
351.110016,377.1861043145935,379.0814086600001
368.101898,370.4016752887451,381.1996337600001
374.695587,363.9632328989466,383.19976438000003
387.183105,368.95204138498315,385.3591180000001
365.570007,361.164634457618,386.5893828800001
377.26886,366.8151161245492,387.9418877600001
364.839203,366.32748674451204,388.80838984
365.812286,364.20160021418496,389.79149041999995
389.019226,370.97812555627013,391.20805720000004
384.364532,375.93601864150025,392.20361506
385.544373,378.7426794699187,393.0034093800001
371.052826,378.88075507025417,392.72047176000007
341.786072,368.560957547602,392.14275876000005
344.503174,365.31959430794757,391.3069189200001
320.585541,354.7045033239987,389.9211199800001
349.356659,353.76553944861445,388.87644164000005
352.161865,356.5595873195239,388.02044004000004
354.965271,355.61598160240396,387.52948850000007
357.321686,356.11547806034434,386.79617490000004
354.9505,353.93745993473027,386.07277584
359.963409,351.21453251996934,385.35429256000003
360.022369,353.34078307315974,384.94705866000004
353.231293,350.10871469813003,384.19120111999996
346.532654,353.2550966484839,382.54701838
347.321594,352.4449044946791,380.74549372
353.121918,352.95657397972485,379.14083370000003
354.2771,353.53695185130505,377.5506432799999
341.021149,350.71553608345863,375.78044126000003
342.119781,349.66920632341765,374.14945064
351.455658,350.03441013597705,373.04928828000004
NaN,NaN,NaN
370.96759,NaN,NaN
375.142059,NaN,NaN
NaN,NaN,NaN
NaN,NaN,NaN
379.484039,NaN,NaN
377.441833,NaN,NaN
366.229004,NaN,NaN
368.855927,NaN,NaN
378.213684,NaN,NaN
379.935608,NaN,NaN
369.136902,NaN,NaN
392.189972,NaN,NaN
413.77298,385.51539027301385,NaN
409.766693,390.0915505689831,NaN
412.457611,393.059802222354,NaN
406.217773,396.0439760145741,NaN
393.888306,396.8688188953755,NaN
403.99704,398.52557584336915,NaN
388.650757,395.10123429003534,NaN
386.730103,396.5211387108533,NaN
382.819977,396.67772866584846,NaN
386.590332,394.1225345938229,NaN
396.358185,394.9308335752526,NaN
383.156738,391.73851758075403,NaN
387.602173,389.2564156164123,NaN
402.141998,393.1903034035662,NaN
414.067352,395.30596988534796,NaN
454.719299,406.9308498921243,NaN
435.713135,412.1624986857857,NaN
453.554779,420.9470032304821,NaN
444.163055,426.9012326214836,NaN
449.679626,429.68504307453446,NaN
462.960541,436.9367988452993,NaN
461.00528,443.70199735325707,NaN
474.626434,451.4874786020813,NaN
460.149841,458.67616304678154,NaN
447.559082,453.90178268734985,NaN
459.940308,457.50415267134474,NaN
480.360077,460.81480167979265,NaN
479.48407,465.28907696980485,NaN
471.630432,468.3398822129051,NaN
509.744568,476.3583886812571,NaN
549.486633,492.8122378876238,NaN
558.068115,503.92039788845835,NaN
608.454041,523.1372234439912,NaN
603.897766,540.9511119787674,NaN
570.686646,549.6389137844787,NaN
518.801147,543.3537847583309,NaN
517.493713,537.1276729577703,NaN
538.229797,542.4636905048193,NaN
575.758057,554.4566534741838,NaN
614.842529,567.68561559626,NaN
587.324158,578.376008587904,NaN
598.352356,581.7597451916802,455.32780943999984
616.70874,584.2920230826089,460.07230345999994
569.354187,574.3405020741608,463.91055054000003
596.595459,578.6160126383387,468.5178796399999
601.908997,586.0577595927681,473.1789410399999
591.843384,592.2518422672078,477.4515350399999
554.827759,590.012854645686,480.94937805999984
573.479126,583.0126556826676,485.03622253999987
559.678528,579.8260098256283,488.38599366
545.797363,575.4840326152782,491.02648132
568.567322,567.7448699781071,494.20249390000004
589.663208,575.7847992181556,497.74660584000014
586.011169,578.5432441725262,501.3424737600001
589.355591,579.3547298302337,505.25181946000004
636.181824,585.751995576187,509.89551514
642.868958,599.6787321637838,514.9798791600001
654.811951,608.8530910224258,520.34151612
659.297913,617.0789569896476,525.87107484
638.290833,624.3774643553512,530.9050848599999
609.817871,624.2969875733481,535.17427858
634.854187,625.918259081531,540.20822756
583.7146,617.926407987538,544.1304760999999
611.607178,622.9474725940892,548.3197796999999
626.410706,624.5376512075829,552.5666467799999
635.835815,628.4002453520463,556.1889770999999
682.642334,639.8507587091714,561.1275610799999
730.397339,655.1405522178229,566.6644122799999
731.520142,666.5948939051879,572.4115540199999
751.618958,686.9600241751606,578.4503406599998
737.803406,690.2648613621301,583.9471979599998
730.367554,702.0290783369268,589.3344434399999
774.534973,718.5171531640858,595.3326142199999
975.50769,771.1802772474011,605.6397711999998
1040.233032,831.2730928336898,617.4932501999998
1100.006104,891.4292633386806,630.2945661199999
1207.112183,954.716547338596,644.8296082399999
1225.678101,1011.6064754898869,659.75348886
1224.197144,1052.2703171914036,674.8048230999999
1281.077271,1097.0336847919386,690.2314771599999
1262.246704,1136.004339263355,704.4866785799999
1090.145386,1153.8066500764112,715.1282239999999
1043.43457,1140.419522408392,723.8278345799997
1130.73938,1146.506099846134,734.3646668599998
1218.453003,1175.2710150552757,747.3199939999998
1171.834595,1177.075606376415,760.38066296
1233.537598,1188.1692340173265,774.7015406600002
1230.172241,1204.2041568281527,788.54038954
1257.279541,1212.2918377428302,802.1708192200001
1377.295898,1222.1936019064988,817.4198866000003
1382.274048,1247.940271528653,833.3188844000003
1121.570923,1234.384255064594,843.7832557400002
1236.512207,1246.582568645384,856.1793250800001
1230.990601,1237.2071583115703,869.41205336
1391.609375,1276.3692385226934,885.31233168
1324.414795,1285.5266592477058,899.76244764
1357.058105,1303.4712286163792,915.0667420599999
1253.187134,1309.52273245248,929.0339295599998
1298.101807,1307.9067033446274,943.5263831799999
1382.522827,1287.8389469557019,959.98326916
1376.115479,1320.9214113564444,976.5896314799998
1314.986206,1318.9932728729245,991.5180091599998
1369.040527,1350.5606106187652,1007.1055555399997
1515.193726,1374.4685298334975,1025.6892066799999
1660.909546,1436.138043969398,1047.12028578
1594.762695,1453.9216484427448,1066.2919032
1718.650879,1512.8958399181188,1087.80754162
1677.846802,1557.2168298343377,1108.26823864
1614.227783,1567.7590407764048,1127.36683604
1746.616821,1595.3259646847723,1149.5333557999998
1768.035034,1637.1228267010206,1172.69769906
1744.243408,1678.1632932705284,1194.88548348
1783.797974,1718.8478757104797,1218.8871509599999
1843.532593,1734.9067391128092,1243.52565926
1814.109863,1767.3753544727736,1267.2796424
1805.084106,1769.440474270142,1290.66460822
1779.791016,1762.9717824283448,1312.6075818600002
1781.067505,1784.3598828351414,1333.6209851800002
1848.458252,1800.0542605547935,1355.9597473800002
1937.449219,1824.3399942566894,1379.6763526000002
1960.164795,1856.8138783858976,1404.1235803800002
1919.534058,1877.3753591538436,1427.9069104600003
1935.601074,1885.0714501509176,1451.1282324800004
1781.99292,1863.244327522714,1467.2579370800006
1570.203979,1801.2414767442717,1477.8573560200007
1626.575684,1766.4796456488148,1488.3887476200005
1475.703735,1717.3694964696147,1493.7605786600002
1446.033691,1675.0465007789546,1498.1676904600004
1459.973145,1635.0806626240949,1502.8832104800003
1416.04895,1585.8209548921707,1505.5826440600001
1564.707642,1583.7547706969963,1511.6318628199997
1492.608765,1544.908632125443,1519.6811303999996
1575.853149,1522.6717050238085,1530.3295019799998
1541.914307,1534.0863075876332,1538.5530005199998
1533.275024,1513.674360656395,1544.8494409399998
1654.741577,1537.9055580297756,1554.5075805799997
1723.153809,1576.8261300692611,1564.2999047999995
1834.727905,1622.51107939828,1576.3910180799994
1868.048828,1691.571261006316,1588.6064038199995
1799.16626,1703.4133133427613,1597.0438110599996
1826.194946,1739.1425119634487,1605.9222290199996
1772.102417,1741.179298706568,1618.9328589
1924.685425,1776.7209790294455,1632.6963232599999
1854.564331,1808.5926141952082,1645.1677978599996
1791.702271,1814.3966799026155,1653.16965578
1806.971802,1827.8869259908665,1662.82079592
1823.449341,1831.4716675726163,1672.1486206399998
1782.855103,1812.5030928823278,1682.7419800199998
1817.624146,1817.1550323316078,1693.1324267999998
1812.634644,1808.990778321132,1701.7346631399998
1788.217041,1825.3153755220717,1709.97669438
1691.333984,1789.1076032961032,1717.50364994
1678.650146,1758.5789089662828,1723.6958423199999
1593.413452,1727.5952593314717,1725.2602368399998
1595.359253,1703.359635912789,1723.94923098
1702.842041,1697.80765053598,1726.1108179
1716.494629,1706.2116681849784,1726.0676928999999
1691.355957,1702.5708463256915,1726.3378759999998
1819.684937,1722.7163892626872,1730.4470190799998
1846.033691,1734.376425817915,1732.43535648
1918.362061,1769.471156935652,1735.44189702
1977.276855,1799.5920211376106,1740.1025659600004
2143.225586,1868.5798950994488,1747.2911182000005
2028.422485,1914.9745086840246,1750.9889160400007
2093.122803,1952.4365868899,1756.5691748400006
2107.887207,1980.152655471143,1762.6252368600008
2118.378906,2025.0219297090719,1769.3969946600007
1971.077271,2017.7694678647686,1773.1971899800012
2088.57373,2041.6380697831582,1777.999499540001
2072.108887,2055.6396430227946,1780.6926929000008
2135.942139,2093.973403857539,1784.208239780001
2157.656982,2091.301508102457,1788.9706982600005
2139.353271,2109.595790364803,1793.0457422000006
2299.187744,2149.495825851997,1803.3896386800002
2435.10498,2208.0258286842377,1820.6876587000004
2519.116211,2250.473414367005,1838.5384692400005
2431.946533,2302.538145868629,1857.6633252000001
2344.89502,2308.7996468755664,1875.6405517800001
2237.136963,2303.034664154745,1891.1838281399998
2166.188721,2278.5799924151324,1906.1866235599998
2330.210938,2286.449499027717,1921.49668948
2364.751709,2323.5625608443115,1938.9395483600001
2403.535156,2357.7995824874088,1955.4931885
2363.586182,2370.2326989412304,1971.9266260000002
2211.625732,2326.811589421333,1985.49364016
2316.05957,2312.9773292432437,1998.7200000199998
2534.481689,2342.8151596103608,2014.94655762
2662.865234,2397.302662641455,2031.5093041999999
2746.380127,2489.1328448204267,2049.07593018
2756.876953,2547.3176502633296,2068.2301440399997
2773.207031,2597.7009525510125,2087.17038574
2945.892822,2661.977465914599,2110.64619384
2952.056152,2699.597416786821,2131.193608379999
3431.086182,2859.912042292138,2162.7240454
3253.629395,2967.971633390836,2191.9625878800002
3522.783203,3096.1652950351545,2226.2788158999997
3490.880371,3186.317489420747,2259.6274365
3484.729004,3247.4086524735294,2293.6649145200004
3902.647705,3380.6482489460464,2335.3653857
3928.844727,3513.46503908274,2377.6895873599997
3952.293945,3602.0580484157063,2420.97112544
4168.701172,3779.6809954029377,2470.5184692
3785.848633,3757.0966761530303,2512.66243894
3715.148438,3784.832241114733,2555.09713866
4079.057373,3839.395341863981,2604.7711010599996
3638.12207,3798.3150649883505,2643.47670164
3587.506104,3812.245371327612,2680.89693114
3282.397705,3709.791942835296,2712.7177661000005
3380.070068,3646.9948686315734,2743.9254687199996
2460.679199,3438.7774210359794,2756.2183788800003
2784.294189,3256.4951766851723,2773.53702144
2430.621338,3081.8311894060816,2782.6039110999996
2295.705566,2973.449095179464,2785.6535107
2109.579834,2741.4939083799204,2787.2766576799995
2643.591064,2715.119779546891,2798.2860229000003
2706.628906,2672.4706487300155,2810.2608568799997
2888.69873,2728.825627634264,2825.66725336
2736.488525,2606.9596535262854,2840.9754784399997
2419.90625,2612.9838415255717,2847.6021288399998
2279.51416,2498.8207387039542,2851.7502342999996
2390.30542,2459.0095865739577,2856.8374999199996
2714.945313,2485.2153589877894,2867.983266539999
2633.518311,2586.549723407317,2877.866567339999
2706.125,2618.9255746571166,2886.00531246
2855.126465,2690.6027508403336,2894.4057421599996
2688.195068,2669.6919063787523,2897.7873193
2630.576904,2619.377952227431,2901.7599267200003
2715.092773,2619.6778090329726,2909.1638817800003
2590.263184,2628.665035225836,2916.2264062000004
2517.438721,2649.992201237292,2923.251406200001
2608.26709,2630.7182317835423,2928.8125292400005
2461.185547,2606.556799662016,2930.7412060000006